node_1|node_2|edge|chunk_id
eldoria|magic|Eldoria is a place where magic thrives, and every corner holds a secret waiting to be uncovered.|60a1a72a588f406eaacaa47bc0faa5b8
elara|radiant smile|Elara is known for her radiant smile.|60a1a72a588f406eaacaa47bc0faa5b8
elara|insatiable curiosity ||60a1a72a588f406eaacaa47bc0faa5b8
enchantress of eldoria|unparalleled magical abilities ||60a1a72a588f406eaacaa47bc0faa5b8
orb|magical energy|As Elara touched the orb, she felt a surge of magical energy coursing through her veins.|60a1a72a588f406eaacaa47bc0faa5b8
flowers|elara|Flowers bloomed at her touch.|60a1a72a588f406eaacaa47bc0faa5b8
animals|elara|Animals responded to her calls.|60a1a72a588f406eaacaa47bc0faa5b8
enchantress of eldoria|gift|The gift was a beautifully crafted wooden box, adorned with intricate carvings and a small, silver lock, from the ancient Enchantress of Eldoria.|60a1a72a588f406eaacaa47bc0faa5b8
elara|newfound powers|With newfound powers, Elara began to explore the wonders of Eldoria in ways she had never imagined.|60a1a72a588f406eaacaa47bc0faa5b8
villagers|elara|The villagers were both amazed and slightly wary of this sudden change in their beloved Elara.|60a1a72a588f406eaacaa47bc0faa5b8
hidden portal|elara|As she stepped through, she found herself in a magical realm.|60a1a72a588f406eaacaa47bc0faa5b8
hidden portal|magical realm|As she stepped through, she found herself in a magical realm unlike anything she had ever seen. The colors were more vibrant, the creatures more fantastical, and the air filled with the sweet scent of otherworldly flowers.|24b777f1b1cd4b6685fdf86825ed004f
elara|magical realm|In this realm, Elara discovered the true extent of her powers. She could communicate with the ancient spirits that dwelled there,|24b777f1b1cd4b6685fdf86825ed004f
elara|prophecy|Elara returned to Eldoria and shared the prophecy with the village elders.|24b777f1b1cd4b6685fdf86825ed004f
eldoria|magical defenses|Together, they devised a plan to strengthen the villages magical defenses and prepare for the looming threat.|24b777f1b1cd4b6685fdf86825ed004f
elara|magical abilities|Elara trained tirelessly , honing her magical abilities and forging alliances with mystical beings.|24b777f1b1cd4b6685fdf86825ed004f
light|shadows|She unleashed the full extent of her magical prowess, creating a dazzling display of light that pushed back the encroaching shadows.|24b777f1b1cd4b6685fdf86825ed004f
elara|villagers|The villagers, inspired by her bravery , joined in the fight.|24b777f1b1cd4b6685fdf86825ed004f
light|shadows|relation: pushed back, context: of light that pushed back the encroaching shadows|78df0eae5ba7485dbc11c72936667cc7
elara|bravery|relation: inspired by, context: the villagers, inspired by her bravery|78df0eae5ba7485dbc11c72936667cc7
eldoria|villagers|relation: belonged to, context: The villagers, inspired by her bravery , joined in the fight.|78df0eae5ba7485dbc11c72936667cc7
enchantress of eldoria|elara|relation: appeared before, context: In the midst of the chaos, the Enchantress of Eldoria appeared before Elara.|78df0eae5ba7485dbc11c72936667cc7
magical orb|hope|relation: beacon of, context: 1revealed that the magical orb was a beacon of hope|78df0eae5ba7485dbc11c72936667cc7
guardian|chosen|relation: passed down through generations to the chosen guardian, context: She revealed that the magical orb was a beacon of hope, passed down through generations to the chosen guardian.|78df0eae5ba7485dbc11c72936667cc7
elara|power|relation: channeled, context: With a final surge of energy , Elara channeled the orbs power|78df0eae5ba7485dbc11c72936667cc7
elara|protect|relation: continued to protect, context: And so, Elara continued to protect Eldoria,|78df0eae5ba7485dbc11c72936667cc7
eldoria|light|relation: remained a symbol of, context: The enchanted orb remained a symbol of hope|78df0eae5ba7485dbc11c72936667cc7
elara|legendary tale|relation: became a legendary tale, context: Elaras story becoming a legendary tale whispered around campfires.|78df0eae5ba7485dbc11c72936667cc7
eldoria|villagers|relation: realized that Elaras extraordinary gift was a blessing for their beloved village, context: The once-wary villagers now looked at her with gratitude and admiration, realizing that Elaras extraordinary gift was a blessing for their beloved village.|78df0eae5ba7485dbc11c72936667cc7
eldoria|light|relation: illuminated the path to a brighter future, context: As the last remnants of the dark force faded away , the villagers erupted in cheers. Eldoria was saved, and Elara had proven herself to be a true guardian of the magical realm.|78df0eae5ba7485dbc11c72936667cc7
