node_1|node_2|edge|chunk_id
eldoria|quaint village|nestled between rolling hills and dense forests|8f349b6fa7c845adb3ec9516f9218efa
elara|radiant smile|known for|8f349b6fa7c845adb3ec9516f9218efa
elara|insatiable curiosity|known for|8f349b6fa7c845adb3ec9516f9218efa
eldoria|place where magic thrives||8f349b6fa7c845adb3ec9516f9218efa
every corner|secret waiting to be uncovered|eldoria|8f349b6fa7c845adb3ec9516f9218efa
elara|magical powers|received a mysterious package on her fifteenth birthday|8f349b6fa7c845adb3ec9516f9218efa
enchantress of eldoria|legendary figure||8f349b6fa7c845adb3ec9516f9218efa
orb|shimmering, ethereal orb|gift from the ancient Enchantress of Eldoria|8f349b6fa7c845adb3ec9516f9218efa
elara|newfound powers|touched the orb and felt a surge of magical energy coursing through her veins|8f349b6fa7c845adb3ec9516f9218efa
eldoria|wonders|explored in ways she had never imagined with newfound powers|8f349b6fa7c845adb3ec9516f9218efa
villagers|both amazed and slightly wary of this sudden change in their beloved elara||8f349b6fa7c845adb3ec9516f9218efa
elara|flowers|bloomed at her touch|8f349b6fa7c845adb3ec9516f9218efa
animals|responded to her calls||8f349b6fa7c845adb3ec9516f9218efa
air|seemed to hum with enchantment||8f349b6fa7c845adb3ec9516f9218efa
hidden portal|stumbled upon a hidden portal||8f349b6fa7c845adb3ec9516f9218efa
magical realm|found herself in a magical realm||8f349b6fa7c845adb3ec9516f9218efa
hidden portal|magical realm|As she stepped through, she found herself in a magical realm unlike anything she had ever seen. The colors were more vibrant, the creatures more fantastical, and the air filled with the sweet scent of otherworldly flowers.|7a22ad9d17db454788dbba60b035d72a
elara|magical realm|In this realm, Elara discovered the true extent of her powers.|7a22ad9d17db454788dbba60b035d72a
elara|ancient spirits|She could communicate with the ancient spirits that dwelled there,|7a22ad9d17db454788dbba60b035d72a
prophecy|eldoria’s fate|The spirits revealed a great prophecy that foretold Eldoria’s fate.|7a22ad9d17db454788dbba60b035d72a
elara|village elders|She returned to Eldoria and shared the prophecy with the village elders.|7a22ad9d17db454788dbba60b035d72a
eldoria|magical defenses|Together, they devised a plan to strengthen the village’s magical defenses and prepare for the looming threat.|7a22ad9d17db454788dbba60b035d72a
elara|mystical beings|She trained tirelessly , honing her magical abilities and forging alliances with mystical beings.|7a22ad9d17db454788dbba60b035d72a
light|darkness|As the days passed, the dark force descended upon Eldoria. Shadows crept through the village, and an eerie silence filled the air.|7a22ad9d17db454788dbba60b035d72a
elara|courage|The battle between light and darkness unfolded, with Elara leading the charge. She unleashed the full extent of her magical prowess, creating a dazzling display of light that pushed back the encroaching shadows.|7a22ad9d17db454788dbba60b035d72a
villagers|elara|The villagers, inspired by her bravery , joined in the fight.|7a22ad9d17db454788dbba60b035d72a
enchanted orb|beacon of hope|The magical orb was a beacon of hope passed down through generations to the chosen guardian.|3fdd84ff19a34a588a0721acad83bf71
elara|true guardian|Elara proved herself to be a true guardian of the magical realm.|3fdd84ff19a34a588a0721acad83bf71
eldoria|beloved village|The villagers looked at Elara with gratitude and admiration, realizing that Elara’s extraordinary gift was a blessing for their beloved village.|3fdd84ff19a34a588a0721acad83bf71
light|encroaching shadows|Of light that pushed back the encroaching shadows.|3fdd84ff19a34a588a0721acad83bf71
villagers|inspired by her bravery |The villagers, inspired by her bravery , joined in the fight.|3fdd84ff19a34a588a0721acad83bf71
enchantress of eldoria|revealed|In the midst of the chaos, the Enchantress of Eldoria appeared before Elara. She revealed...|3fdd84ff19a34a588a0721acad83bf71
elara|channeled|With a final surge of energy , Elara channeled...|3fdd84ff19a34a588a0721acad83bf71
eldoria|saved|Eldoria was saved, and Elara had proven herself to be a true guardian...|3fdd84ff19a34a588a0721acad83bf71
light|illuminated the path to a brighter future|The enchanted orb remained a symbol of hope, a reminder that even in the face of darkness, the light within one brave heart could illuminate the path to a brighter future.|3fdd84ff19a34a588a0721acad83bf71
